{
	"comparison_output": {
		"comparisionScore": 33.3333333333333,
		"comparisonColour": "red",
  		"version2name": "v1.1",
  		"version1name": "v1.0",
		"serviceName": "mysql",
		"results": [{
			"groupColour": "yellow",
			"groupName": "disk",
			"Metrics": [{
				"metricType": "disk",
				"score": 100,
				"metricName": "system.disk.blocks.write",
				"metricstats": {
					"quantileinfo": {
						"version2": {
							"5%": 0,
							"95%": 6026.4
						},
						"version1": {
							"5%": 0,
							"95%": 6617.79999999998
						}
					},
					"statinfo": {
						"version2": {
							"Mean": 1750.9,
							"Min": 0,
							"3rd_Qu": 1395,
							"Median": 336,
							"1st_Qu": 26,
							"Max": 99176
						},
						"version1": {
							"Mean": 1690.7,
							"Min": 0,
							"3rd_Qu": 1484,
							"Median": 324,
							"1st_Qu": 32,
							"Max": 53780
						}
					}
				},
				"metricColour": "green",
				"error": "No error",
				"bucketscores": ["bucket1", 100, "bucket2", 100],
				"version2.model.char": {
					"bucket2": {
						"bucket.stats": {
							"Mean": 1509.6,
							"Min": 0,
							"3rd_Qu": 1593,
							"Median": 279,
							"1st_Qu": 24,
							"Max": 27460
						},
						"bucket.quantiles": {
							"5%": 0,
							"95%": 7211.50000000001
						},
						"bucketname": "bucket2",
						"bucket.load.range": "9-10",
						"bucket.raw.data": [278, 32, 36, 22, 2742, 46, 14, 3126, 38, 104,
							36, 2002, 12374, 34, 14, 280, 22, 0, 512, 744, 1764, 2972, 30, 0, 2718, 0, 50, 0, 2182, 14940, 460, 752, 802, 1876, 826, 24, 20, 10, 338, 4522, 562, 0, 10, 0, 1,
							1556, 1632, 1020, 926, 1034, 952, 190, 386, 56, 0, 28, 128, 0, 414, 28, 6, 22, 2,
							96, 44, 732, 802, 32, 20, 388, 56, 2612, 706, 3408, 9066, 5444, 2576, 1938, 1518, 1346, 1396, 11778, 994, 1580, 2060, 278, 4, 46, 0, 3378, 24, 332, 0, 892, 0, 5,
							2, 2282, 0, 858, 356, 558, 6022, 48, 26, 224, 32, 988, 14514, 774, 1794, 13188,
							4278, 734, 2214, 0, 228, 16, 2068, 2160, 2528, 2028, 402, 4250, 368, 2846, 16, 0, 146, 468, 0, 2514, 0, 56, 1990, 158, 2116, 3660, 6, 148, 4464, 998, 928, 12640, 1342, 27460, 62, 1792, 34, 2446, 184, 336, 20, 26, 1706, 50, 2670, 0, 1734, 38,
							72, 0, 56, 0, 3024, 0, 1088, 1194, 46, 32, 1028, 584, 1422, 814, 452, 0, 0, 2890, 1720, 23978, 0, 9266, 36, 166, 0, 402, 34, 198, 56, 132, 158, 0, 436, 36, 0, 3,
							922, 0, 20, 0, 32, 266, 0, 44, 0, 692, 460, 40, 20, 0, 192, 0, 30, 0, 144, 24, 1,
							110, 274, 2534, 1080, 2692, 3526, 884, 390, 1008, 8228, 412, 312, 10440, 552, 13,
							94, 3986, 540, 4404, 1682, 2302, 2372, 24932, 132, 34, 0, 0, 0, 0, 36, 0, 2626,
							3728, 0, 192, 32, 0, 0, 0, 0, 138, 1460, 6066, 7158, 0, 38, 0, 38, 3830, 0, 56,
							0, 38, 3854, 498, 56, 614, 700, 550, 620, 546, 622, 0, 0, 54, 0, 966, 940, 464,
							800, 412, 0, 172, 0, 70, 0, 2706, 92, 0, 26, 42, 50, 8752, 0, 18, 162, 678, 1638, 38, 1640
						]
					},
					"bucket1": {
						"bucket.stats": {
							"Mean": 2523.5,
							"Min": 0,
							"3rd_Qu": 1137,
							"Median": 256,
							"1st_Qu": 33,
							"Max": 53194
						},
						"bucket.quantiles": {
							"5%": 0,
							"95%": 6265.79999999992
						},
						"bucketname": "bucket1",
						"bucket.load.range": "8-9",
						"bucket.raw.data": [114, 42, 310, 760, 30, 796, 30734, 220, 4264,
							76, 906, 0, 0, 2462, 378, 1294, 0, 194, 4, 42, 552, 580, 30, 118, 664, 3620, 144, 3020, 0, 0, 0, 1404, 256, 36, 576, 3498, 0, 152, 0, 48, 42, 0, 986, 932, 686,
							53194, 19440, 1228, 34, 0, 0, 2498, 4802, 468, 164, 1046, 2246, 3764, 32
						]
					}
				},
				"version1.model.char": {
					"bucket2": {
						"bucket.stats": {
							"Mean": 1515,
							"Min": 0,
							"3rd_Qu": 1556,
							"Median": 365,
							"1st_Qu": 27.5,
							"Max": 35022
						},
						"bucket.quantiles": {
							"5%": 0,
							"95%": 5293.9
						},
						"bucketname": "bucket2",
						"bucket.load.range": "9-10",
						"bucket.raw.data": [32, 4454, 32, 760, 0, 3172, 22, 908, 4156, 0,
							50, 0, 5772, 0, 0, 904, 354, 15404, 778, 146, 680, 0, 4832, 72, 40, 1168, 3028,
							1846, 1266, 3726, 42, 3422, 3110, 928, 5736, 26, 0, 0, 4738, 524, 2078, 1354, 57,
							0, 290, 0, 18, 0, 944, 2116, 1628, 1364, 2, 848, 2684, 126, 390, 0, 58, 0, 184,
							0, 1108, 34, 76, 26, 42, 122, 34, 1636, 334, 636, 0, 1308, 418, 0, 1938, 0, 42,
							20, 698, 30, 0, 8, 674, 1104, 652, 22416, 192, 806, 838, 850, 2366, 1090, 0, 20,
							644, 214, 0, 3258, 0, 662, 1486, 0, 5512, 1084, 3360, 12442, 1444, 4264, 36, 21,
							20, 426, 0, 1118, 664, 3556, 0, 88, 0, 46, 0, 42, 270, 52, 42, 1496, 1922, 480,
							24, 2104, 308, 498, 230, 0, 228, 0, 1648, 572, 376, 1970, 1598, 312, 12816, 282,
							250, 1542, 488, 3054, 330, 4540, 166, 5446, 5212, 2432, 948, 5636, 3794, 3002,
							524, 290, 190, 250, 484, 262, 204, 184, 34, 24, 3792, 40, 3228, 10940, 32, 2354,
							1268, 13006, 1324, 23004, 3334, 978, 1156, 522, 454, 1514, 28, 0, 56, 0, 0, 241,
							8, 10, 34, 60, 0, 1940, 0, 2960, 2300, 5166, 1520, 1474, 35022, 0, 2866, 0, 522,
							1334, 666, 512, 3078, 1448, 20, 3162, 5338, 76, 0, 28, 134, 1864, 24, 4700, 10,
							254, 312, 0, 130, 0, 0, 0, 0, 56, 0, 44, 0, 4558, 288, 0, 156, 0, 622, 66, 0, 3,
							920, 52, 96, 64, 58, 656, 108, 0, 1274, 0, 690, 916, 2048, 12, 1196, 68, 1610, 0, 852, 0, 22, 0, 2434, 22, 1854, 598
						]
					},
					"bucket1": {
						"bucket.stats": {
							"Mean": 2435.8,
							"Min": 0,
							"3rd_Qu": 2950,
							"Median": 734,
							"1st_Qu": 42,
							"Max": 27506
						},
						"bucket.quantiles": {
							"5%": 0,
							"95%": 9244.99999999999
						},
						"bucketname": "bucket1",
						"bucket.load.range": "8-9",
						"bucket.raw.data": [0, 2, 50, 14, 0, 0, 924, 1052, 182, 27506, 130,
							88, 1230, 16, 2362, 0, 32, 7012, 734, 22702, 0, 714, 784, 18, 286, 1404, 6796, 2,
							988, 2458, 1636, 250, 2912, 1724, 128, 44, 24, 10806, 318, 3676, 10, 4494, 174,
							3450, 324, 2498, 7342, 0, 1972, 6894, 512, 40, 3596, 912, 548, 166, 0, 8576, 0,
							126, 3390, 1318, 0, 702, 1126, 5558, 0, 0, 3508, 1016, 4670, 1278, 52, 3260, 44,
							444, 814
						]
					}
				}
			}, {
				"metricType": "disk",
				"score": 50,
				"metricName": "system.disk.blocks.read",
				"metricstats": {
					"quantileinfo": {
						"version2": {
							"5%": 0,
							"95%": 564.599999999999
						},
						"version1": {
							"5%": 0,
							"95%": 1833.8
						}
					},
					"statinfo": {
						"version2": {
							"Mean": 134.56,
							"Min": 0,
							"3rd_Qu": 96,
							"Median": 4,
							"1st_Qu": 0,
							"Max": 14364
						},
						"version1": {
							"Mean": 331.41,
							"Min": 0,
							"3rd_Qu": 143,
							"Median": 6,
							"1st_Qu": 0,
							"Max": 23272
						}
					}
				},
				"metricColour": "yellow",
				"error": "No error",
				"bucketscores": ["bucket1", 0, "bucket2", 100],
				"version2.model.char": {
					"bucket2": {
						"bucket.stats": {
							"Mean": 120.35,
							"Min": 0,
							"3rd_Qu": 101.5,
							"Median": 3,
							"1st_Qu": 0,
							"Max": 2240
						},
						"bucket.quantiles": {
							"5%": 0,
							"95%": 564.3
						},
						"bucketname": "bucket2",
						"bucket.load.range": "9-10",