{
	"bucket2": {
		"bucketname": "bucket2",
		"bucket.load.range": "9-10",
		"bucket.stats": {
			"Min.": 10.648,
			"1st Qu.": 43.373,
			"Median": 55.474,
			"Mean": 55.08,
			"3rd Qu.": 67.347,
			"Max.": 111.68
		},
		"bucket.quantiles": {
			"5%": 27.6314697265625,
			"95%": 85.167724609375
		},
		"bucket.raw.data": [69.93603515625, 65.560546875, 56.0107421875, 72.82177734375, 77.07373046875, 70.42578125, 47.1611328125, 75.109375, 83.58056640625, 95.5048828125, 69.1484375, 45.125, 48.455078125, 67.458984375, 30.79638671875, 35.5517578125, 58.10009765625, 41.29248046875, 40.27880859375, 43.47998046875, 34.1103515625, 36.3076171875, 50.33251953125, 71.09765625, 80.5380859375, 68.27685546875, 66.6220703125, 44.681640625, 41.1279296875, 52.9697265625, 50.3203125, 42.50830078125, 54.255859375, 73.45849609375, 64.54443359375, 37.8974609375, 28.6796875, 28.5927734375, 28.6474609375, 24.8515625, 35.2626953125, 38.61474609375, 52.666015625, 41.7177734375, 31.25341796875, 30.123046875, 30.39794921875, 40.490234375, 38.978515625, 25.923828125, 18.57958984375, 11.8564453125, 12.69677734375, 10.64794921875, 22.0244140625, 20.41455078125, 24.62841796875, 25.2294921875, 35.74853515625, 57.81494140625, 37.78955078125, 45.1025390625, 58.5263671875, 30.12060546875, 43.2734375, 30.81591796875, 40.21435546875, 49.39501953125, 47.9580078125, 37.61865234375, 32.97265625, 55.53076171875, 46.705078125, 43.68505859375, 25.8701171875, 37.08154296875, 39.068359375, 47.63671875, 43.6142578125, 51.56494140625, 69.2958984375, 47.7109375, 65.283203125, 67.8974609375, 70.841796875, 60.00146484375, 60.34375, 56.9013671875, 63.68994140625, 93.5888671875, 69.294921875, 53.4365234375, 64.45703125, 55.7041015625, 87.03369140625, 70.07373046875, 50.28076171875, 42.25537109375, 60.08154296875, 49.33984375, 53.8525390625, 67.3623046875, 64.35400390625, 66.12060546875, 70.69189453125, 53.4306640625, 54.234375, 43.40673828125, 53.09326171875, 61.373046875, 33.71240234375, 57.71875, 53.05419921875, 59.7197265625, 76.595703125, 63.62060546875, 89.18505859375, 57.943359375, 56.69580078125, 66.2099609375, 61.07373046875, 63.82080078125, 66.59228515625, 55.47021484375, 69.7431640625, 57.7978515625, 53.9267578125, 73.82666015625, 87.76806640625, 75.17041015625, 43.85791015625, 43.904296875, 28.17578125, 52.77490234375, 69.6259765625, 51.32275390625, 80.19287109375, 44.166015625, 41.54150390625, 67.40234375, 64.07470703125, 98.6142578125, 51.92578125, 71.66943359375, 71.52880859375, 66.83935546875, 75.615234375, 59.427734375, 76.5029296875, 57.4619140625, 52.03857421875, 58.33984375, 66.0634765625, 55.47705078125, 27.63427734375, 24.5458984375, 59.3505859375, 53.89306640625, 46.78076171875, 62.59814453125, 73.11572265625, 80.150390625, 68.37890625, 57.2373046875, 57.77099609375, 103.83056640625, 62.61962890625, 78.22705078125, 72.51611328125, 68.5947265625, 73.84130859375, 77.69091796875, 80.5224609375, 45.75439453125, 39.7763671875, 36.833984375, 68.04248046875, 64.9267578125, 30.1669921875, 53.26708984375, 103.33154296875, 81.5576171875, 67.458984375, 85.1533203125, 50.7783203125, 50.95458984375, 44.30859375, 51.11181640625, 65.15185546875, 42.7744140625, 76.05029296875, 73.77197265625, 67.34228515625, 96.13134765625, 58.60595703125, 40.46484375, 47.07861328125, 45.6259765625, 45.458984375, 60.3955078125, 46.830078125, 39.7734375, 71.576171875, 72.1552734375, 57.1572265625, 34.96435546875, 63.9853515625, 66.86962890625, 61.4111328125, 37.33984375, 61.12255859375, 37.9501953125, 44.08251953125, 98.86279296875, 47.5693359375, 67.3876953125, 68.177734375, 80.96240234375, 55.888671875, 68.79248046875, 58.5810546875, 46.1982421875, 14.69873046875, 44.1552734375, 50.83154296875, 28.513671875, 43.55126953125, 40.96484375, 28.37646484375, 22.05029296875, 50.9931640625, 44.30615234375, 44.2490234375, 37.78125, 35.04931640625, 27.578125, 96.18701171875, 61.01123046875, 50.90283203125, 59.84130859375, 57.76220703125, 62.60498046875, 41.74365234375, 101.18408203125, 64.30908203125, 47.53662109375, 68.18408203125, 69.26806640625, 72.400390625, 66.93798828125, 62.44775390625, 62.919921875, 37.572265625, 48.3525390625, 69.61181640625, 49.11962890625, 58.767578125, 85.44140625, 69.3935546875, 70.3984375, 56.3115234375, 59.5029296875, 45.47705078125, 52.04833984375, 79.353515625, 60.97998046875, 69.99267578125, 65.8984375, 53.234375, 47.87646484375, 33.52587890625, 35.1376953125, 35.36962890625, 48.5673828125, 39.017578125, 48.1201171875, 58.4072265625, 57.06640625, 44.10791015625, 57.79541015625, 30.8955078125, 33.84375, 47.34619140625, 50.22900390625, 58.08935546875, 43.01611328125, 55.14697265625, 55.0693359375, 70.01806640625, 62.84619140625, 95.8779296875, 55.6513671875, 61.70947265625, 111.67626953125, 46.7099609375, 36.42626953125, 52.98974609375, 33.1240234375, 62.677734375, 60.5888671875]
	}
}